67986,GL802W
38173,KS296N
82636,ZQ387B
21342,FR957W
83896,RX830F
10049,BH353Z
14224,EM710Z
97793,TK460N
25743,RV498L
51668,OB615D
91932,OO511I
87706,UM976H
77618,DE919E
13745,PS799M
64488,HR766E
96738,DZ207W
50968,RC347H
73378,SN733J
98671,QD366G
53550,BC855L
63314,QL468A
94063,UL660X
19595,ZW370D
84015,YQ747Q
56484,HO525O
36749,UY437H
58681,OR409E
19920,RT472E
44804,MT478M
35273,YQ563H
66925,GB506L
55089,LJ484K
94251,FT154X
93116,TB492B
12533,XA175D
23512,RB748E
78402,IS622V
75709,BM560Z
83142,EH209C
60225,JU920Q
34020,UJ354G
32252,HP786Y
34985,JE912A
97507,VF693J
93230,GC455H
28887,HG572K
71333,KZ650I
65992,SQ111O
27994,FX132K
12131,LE909H
85446,UQ185W
51985,EK860S
62577,UD514S
76564,EK412Z
16578,LM845V
22073,GV270C
42452,XQ672Y
96041,HK951M
85301,XE525J
79142,NA489O
30473,EG397A
59533,PF974G
29005,EU410C
54380,UH544I
35736,JQ913F
64382,KU639J
47206,ZQ379Z
63279,RS691B
67338,XM347A
18962,ZC260C
30090,LP819X
67495,BG525Z
70858,TO257U
60925,RW241Q
60146,MD879V
64369,RQ669F
73884,BS431N
20659,JP947Q
50914,EC100E
60299,VJ170W
95143,KG188K
98314,AR111P
89585,GI589B
22180,YW905Q
35207,XE380B
99270,YC859N
82097,HY153A
93571,LE480Y
11890,YI561C
18691,DL547H
42695,QQ847A
88624,PM933P
51320,ZQ102S
57585,RR985S
87201,RY504O
44118,RP707T
83935,IZ383S
94585,AW627A
92163,UW833U
10000,apple
